case,oracle,provider_calls,actual_attempts,actual_operations,get_before_worker,authority_before_fp,authority_after_fp,authority_equal,get_all_tables_equal
baseline,PASS,2,2,1,200,42baaba74df60e2f625d4985387104d69c91ef0565d68e259b387be7f85da04e,42baaba74df60e2f625d4985387104d69c91ef0565d68e259b387be7f85da04e,True,True
same_project_relabel,PASS,0,0,0,409,2a8a8855251aa0537a640c1d55578cf0eca97e6ec797dbf90176bb50ea5f0b89,2a8a8855251aa0537a640c1d55578cf0eca97e6ec797dbf90176bb50ea5f0b89,True,True
cross_project_empty_relabel,PASS,0,0,0,409,5f834534f27c04d0f178a63b2bf0ef8e1d2d59736cc5d705dbefdc627adce35f,5f834534f27c04d0f178a63b2bf0ef8e1d2d59736cc5d705dbefdc627adce35f,True,True
stripped_source,PASS,0,0,0,409,d9848614e4e029a3916791609304c0ddea1b241a1590e30ad993a290d2ce972e,d9848614e4e029a3916791609304c0ddea1b241a1590e30ad993a290d2ce972e,True,True
stripped_source_and_marker,PASS,0,0,0,409,15d89e31095f2002c54eeef12730d0d114d2810e2dbcc68ee5e6fcd7ab889205,15d89e31095f2002c54eeef12730d0d114d2810e2dbcc68ee5e6fcd7ab889205,True,True
rewritten_request_anchor,PASS,0,0,0,409,ce2a57935988d47c7985ad67a1f5fd2fe1fc54cb2102d8cecb23c73f7c851507,ce2a57935988d47c7985ad67a1f5fd2fe1fc54cb2102d8cecb23c73f7c851507,True,True
accepted_event_tamper,PASS,0,0,0,409,d44188001b88fa925ecf1d482ac297eb19629c3cf212cf7353adaeb663fb6b75,d44188001b88fa925ecf1d482ac297eb19629c3cf212cf7353adaeb663fb6b75,True,True
accepted_event_version_bool,PASS,0,0,0,409,cc784b47e065c6ce022c4a17ef504465b1a5d47ad65058135a670c34b433d126,cc784b47e065c6ce022c4a17ef504465b1a5d47ad65058135a670c34b433d126,True,True
duplicate_accepted_event,PASS,0,0,0,409,38f2102599d4ede1cb4d9cfeb457f80ab746f0ec759a53acc44df63d788a6fef,38f2102599d4ede1cb4d9cfeb457f80ab746f0ec759a53acc44df63d788a6fef,True,True
resumed_conditions_tamper,PASS,0,0,0,200,b9ab79fa1c20303f0253bc8c48c31a64bd0408deb3e7e7b34f06e34d3fcd6896,b9ab79fa1c20303f0253bc8c48c31a64bd0408deb3e7e7b34f06e34d3fcd6896,True,True
resumed_source_version_bool,PASS,0,0,0,200,fd969f147c244dec21d15d5e973fea335b298079f47817aa3d0d8755b93247ac,fd969f147c244dec21d15d5e973fea335b298079f47817aa3d0d8755b93247ac,True,True
current_grant_revoked,PASS,0,0,0,403,e77609d9b06e2a43702be4c46c8cdc88093b767e09c5733e7512888924c07e6f,e77609d9b06e2a43702be4c46c8cdc88093b767e09c5733e7512888924c07e6f,True,True
current_resource_changed,PASS,0,0,0,409,0ff515ace47c5ff2698f1c6b5de0dadb4ed7db624bcb0d4b2c0f113573902d5e,0ff515ace47c5ff2698f1c6b5de0dadb4ed7db624bcb0d4b2c0f113573902d5e,True,True
same_key_after_revision,PASS,2,2,1,200,c385cf001361a8aaffd877d5afd71ad358fb4d1ce6e0afc60fe291ac2a442ee9,c385cf001361a8aaffd877d5afd71ad358fb4d1ce6e0afc60fe291ac2a442ee9,True,True
legacy_source_none,PASS,2,2,1,200,7d1df0321829896306ed3b8775b3c2b2fcea4921da3fb476832cf9cad417f443,7d1df0321829896306ed3b8775b3c2b2fcea4921da3fb476832cf9cad417f443,True,True
resumed_duplicate_constraints,PASS,0,0,0,200,864d6b9245011ded498a19770466d18a36448eb96980197049a796bb19eeeedf,864d6b9245011ded498a19770466d18a36448eb96980197049a796bb19eeeedf,True,True
accepted_event_version_float,PASS,0,0,0,409,53275658b6f42d3f321556badf60918f66b1877c35738290d42794489d9dd5f4,53275658b6f42d3f321556badf60918f66b1877c35738290d42794489d9dd5f4,True,True
resumed_source_version_float,PASS,0,0,0,200,f5727f4cdbab2ef0103627ec60f72a198577a4f2ffc0ab19c6a85b9b591afc3e,f5727f4cdbab2ef0103627ec60f72a198577a4f2ffc0ab19c6a85b9b591afc3e,True,True
legacy_explicit_none,PASS,2,2,1,200,59d944ad50f77a2dcc4eefc0a8f6547a3273d63205841075e075f5e4f218ccf1,59d944ad50f77a2dcc4eefc0a8f6547a3273d63205841075e075f5e4f218ccf1,True,True
