case,authority_before,authority_after,resources_before,resources_after
positive,518fc985c2a7bd514fb82d08278f676b6da9353ddcd4a435d112fb460687635f,518fc985c2a7bd514fb82d08278f676b6da9353ddcd4a435d112fb460687635f,ee0ff85222882294351fd3b2e8a620442ad141d8c4fc5310a9b9a4b6bec438f9,ee0ff85222882294351fd3b2e8a620442ad141d8c4fc5310a9b9a4b6bec438f9
disabled,59a51e504538f44b6784268d76a94ddb726d20c123ff4d345cce5826a816ebaf,59a51e504538f44b6784268d76a94ddb726d20c123ff4d345cce5826a816ebaf,c6b29226bc44d932b984d891695036bcc3b47cd50c136bc53e5b9ae75f3b42f0,c6b29226bc44d932b984d891695036bcc3b47cd50c136bc53e5b9ae75f3b42f0
noadapter,fefa2d316290fe6e4acb49da352c611b483658f834bac8085894dac1ee6f82de,fefa2d316290fe6e4acb49da352c611b483658f834bac8085894dac1ee6f82de,6ac56bb497d6db10e700980b681d12886c8a7d46b79b4b98d3ecf985b47804c5,6ac56bb497d6db10e700980b681d12886c8a7d46b79b4b98d3ecf985b47804c5
wrongmodel,63974495619610eff80e9dcdae1ea6577493c0cfabf3905b8462501f4b9cbae6,63974495619610eff80e9dcdae1ea6577493c0cfabf3905b8462501f4b9cbae6,acd0bb5464e20c09a599945fa48c2a721100d95cd12db273567d442126b443fc,acd0bb5464e20c09a599945fa48c2a721100d95cd12db273567d442126b443fc
unknownusage,db1be1944850b14a74fcc305ceefe0807c4989b9022c9eab3bbe7a2c46bce598,db1be1944850b14a74fcc305ceefe0807c4989b9022c9eab3bbe7a2c46bce598,8bfcedd3e16f6d9095120873fa8dbebcfea43ee75e59f3952eeade9b4b351dea,8bfcedd3e16f6d9095120873fa8dbebcfea43ee75e59f3952eeade9b4b351dea
refusal,fb4ce9b1095e4e823156c3f3d1421ef7d5359c55be931867abb794a6f679b237,fb4ce9b1095e4e823156c3f3d1421ef7d5359c55be931867abb794a6f679b237,5ebf0e280714dd005957148409afa2b2eaacd97c93f2372b81d82b6f0c489fa4,5ebf0e280714dd005957148409afa2b2eaacd97c93f2372b81d82b6f0c489fa4
baddep,76767208836483affac8a1114d8bea406fb6e373eb5b1eeae267dab5b08e39b9,76767208836483affac8a1114d8bea406fb6e373eb5b1eeae267dab5b08e39b9,2b670074652ba4ef65714f4e709e49900b62f60cf5a9e76aa1a1c4765fd4ea68,2b670074652ba4ef65714f4e709e49900b62f60cf5a9e76aa1a1c4765fd4ea68
timeout,6ce9e4a2379f2a704f6c625159df7c37436bcc012b563335a558e9303069ad20,6ce9e4a2379f2a704f6c625159df7c37436bcc012b563335a558e9303069ad20,f7f3590b3c02d1cbee7d9ebb6b152cf501e967bd01f21513fd8307b33463b367,f7f3590b3c02d1cbee7d9ebb6b152cf501e967bd01f21513fd8307b33463b367
wire,4906becd72d630e6e960b1c6301e442beea5a08ad4cfe4a7900ee1e56f4aaa24,4906becd72d630e6e960b1c6301e442beea5a08ad4cfe4a7900ee1e56f4aaa24,8622410af673b13a9c6beda97209aac3774cb706323d8fbbc620eb9e595a9ecb,8622410af673b13a9c6beda97209aac3774cb706323d8fbbc620eb9e595a9ecb
wireevent,3f47b059512a125e8bb3ee24b1839a3a16a7346c38ddca76c109a097d1fc1943,3f47b059512a125e8bb3ee24b1839a3a16a7346c38ddca76c109a097d1fc1943,069c399a198548ab02367d8b3552eacb67c84268ffcdfab319aed6b481b626c3,069c399a198548ab02367d8b3552eacb67c84268ffcdfab319aed6b481b626c3
usage,abbb3a3065f62dc9d9a4cc4ec3aff6abf50987dfa856a26c16cb3009a671ec14,abbb3a3065f62dc9d9a4cc4ec3aff6abf50987dfa856a26c16cb3009a671ec14,1195117087ff769afe342924a37aee7bacb2e068210aed7fb85942be118432b0,1195117087ff769afe342924a37aee7bacb2e068210aed7fb85942be118432b0
result,9ce58f25a2cca39497eff499d669e6e84802d4f1054ce705b67491db591217bf,9ce58f25a2cca39497eff499d669e6e84802d4f1054ce705b67491db591217bf,6e1c74f7e65be9b58a80c4a65af50e9488cdbfaaf78bde536d0403a8ac0b3908,6e1c74f7e65be9b58a80c4a65af50e9488cdbfaaf78bde536d0403a8ac0b3908
plan,8094256cb5ad12fc2a7eb23beacf165a2ac696280706226d5e11c416e5374c41,8094256cb5ad12fc2a7eb23beacf165a2ac696280706226d5e11c416e5374c41,d9f4b35cc6f6cf7b8f9fcfab6016dbb8368fb2f1d123e0e5504b7aa03b0f8d6e,d9f4b35cc6f6cf7b8f9fcfab6016dbb8368fb2f1d123e0e5504b7aa03b0f8d6e
strip,c658bfceabee5fe2cf53882ae767be9f8678d1b23c97f522c2c606b69023911d,c658bfceabee5fe2cf53882ae767be9f8678d1b23c97f522c2c606b69023911d,2c054493ea8b1eb9ada776420d5238a008ee74e6d42cdede71f67b6b861c60dd,2c054493ea8b1eb9ada776420d5238a008ee74e6d42cdede71f67b6b861c60dd
normalresume,14673b91c0be5d45cc4093287ebd0233dafc0882ef9e587d38b2a15c447d7f0c,14673b91c0be5d45cc4093287ebd0233dafc0882ef9e587d38b2a15c447d7f0c,07ea40450146d6e5c4312617c047d46346e049d87b5efff4afebdee2cfddb55b,07ea40450146d6e5c4312617c047d46346e049d87b5efff4afebdee2cfddb55b
read_only,93123d58dafc1fc371cf94308cb8ab3aa48c92faeb1316fc2ad97cb75d84e7b1,93123d58dafc1fc371cf94308cb8ab3aa48c92faeb1316fc2ad97cb75d84e7b1,ca22e0080c5646e71dc22a3dd616a30f222cb9290821aa147ffe1bd4ba08fbf3,ca22e0080c5646e71dc22a3dd616a30f222cb9290821aa147ffe1bd4ba08fbf3
coherent_unknown,f35930b936cc5ba682b704e3357736b5d2c24c150f8dcbcfedbcc1b63f2cdd24,f35930b936cc5ba682b704e3357736b5d2c24c150f8dcbcfedbcc1b63f2cdd24,d123a6cc73311bf5aaeb835a67d4375d2677a94b090637185598ae2000dbb7af,d123a6cc73311bf5aaeb835a67d4375d2677a94b090637185598ae2000dbb7af
usagefloat,3fd7acd6c2458a780fd26f2a44c7196c654cbf7152b5b2064512d61365e2e2dd,3fd7acd6c2458a780fd26f2a44c7196c654cbf7152b5b2064512d61365e2e2dd,8cd6926f09b4168d165e3328954a505ccfc5c29d1d717c41ec2a38c120d01c0c,8cd6926f09b4168d165e3328954a505ccfc5c29d1d717c41ec2a38c120d01c0c
maxbool,573b89cc02033b4d42853cfad2bf63a48cf39db0ee00cde82f608bdd4609aea1,573b89cc02033b4d42853cfad2bf63a48cf39db0ee00cde82f608bdd4609aea1,f456ba65f43e332d93436b285ca196cf2306d0dd3016664e223da2417e73fd4b,f456ba65f43e332d93436b285ca196cf2306d0dd3016664e223da2417e73fd4b
maxover,94695cabe240a91b016ee440344b15dea9ce646b3f1920c6f3feff30fa572580,94695cabe240a91b016ee440344b15dea9ce646b3f1920c6f3feff30fa572580,5ab90ffb976b8dfc3b83758cd0612e10a6ca51682b8e4f77c5619f57441bf98b,5ab90ffb976b8dfc3b83758cd0612e10a6ca51682b8e4f77c5619f57441bf98b
reserved,11c11cef1d47bd19b93bdfbd7e10d47123ac07720d4600a601d72558692b6b99,11c11cef1d47bd19b93bdfbd7e10d47123ac07720d4600a601d72558692b6b99,21bce8d9a704d04e73098ba7d052345266b8e4a8845ab663ad7eda65c6fcdb76,21bce8d9a704d04e73098ba7d052345266b8e4a8845ab663ad7eda65c6fcdb76
